POCKET,RESIDUE,EC_NUMBER,FITNESS,PDB_ID,TEMPLATE_RESIDUE_NUMBER
pocket1  ,A_58,1.6.6.-,0.0384,2n0a,2
pocket1  ,D_57,1.9.3.1,0.0189,2n0a,2
pocket1  ,D_58,1.6.6.-,0.0394,2n0a,2
pocket1  ,E_57,1.9.3.1,0.0105,2n0a,2
pocket1  ,F_57,1.9.3.1,0.000586,2n0a,2
pocket1  ,F_61,1.9.3.1,0.0115,2n0a,2
pocket1  ,G_57,3.2.1.58,0.0185,2n0a,2
pocket1  ,G_61,1.9.3.1,0.00336,2n0a,2
pocket2  ,F_61,1.9.3.1,0.0115,2n0a,2
pocket2  ,G_61,1.9.3.1,0.00336,2n0a,2
pocket3  ,B_43,1.6.6.-,0.0101,2n0a,2
pocket3  ,E_46,1.9.3.1,0.0403,2n0a,2
pocket3  ,E_80,4.2.1.22,0.0192,2n0a,2
pocket4  ,A_80,2.5.1.17,0.0255,2n0a,2
pocket4  ,C_80,4.2.1.22,0.0365,2n0a,2
pocket4  ,D_80,4.2.1.22,0.0217,2n0a,2
pocket4  ,E_80,4.2.1.22,0.0192,2n0a,2
pocket4  ,F_80,4.2.1.22,0.0102,2n0a,2
pocket4  ,H_80,4.2.1.22,0.0177,2n0a,2
pocket5  ,B_32,4.3.2.2,0.0282,2n0a,2
pocket5  ,B_35,4.1.2.19,0.01,2n0a,2
pocket5  ,C_23,4.3.2.2,0.0231,2n0a,2
pocket5  ,D_32,4.3.2.2,0.0342,2n0a,2
pocket5  ,F_32,4.3.2.2,0.036,2n0a,2
pocket6  ,A_96,4.2.1.22,0.02,2n0a,2
pocket6  ,B_96,1.6.6.-,0.0179,2n0a,2
pocket6  ,D_96,1.6.6.-,0.0202,2n0a,2
pocket6  ,E_86,1.8.-.-,0.00249,2n0a,2
pocket7  ,D_50,1.4.3.2,0.0166,2n0a,2
pocket7  ,E_50,1.4.3.2,0.0115,2n0a,2
pocket7  ,F_50,1.4.3.2,0.00198,2n0a,2
pocket7  ,G_50,1.4.3.2,0.00235,2n0a,2
pocket8  ,B_43,1.6.6.-,0.0101,2n0a,2
pocket8  ,C_43,1.6.6.-,0.00477,2n0a,2
pocket8  ,E_43,1.6.6.-,0.000371,2n0a,2
pocket8  ,F_43,1.6.6.-,0.00185,2n0a,2
pocket9  ,F_43,1.6.6.-,0.00185,2n0a,2
pocket9  ,H_43,1.6.6.-,0.00244,2n0a,2
pocket10 ,E_86,1.8.-.-,0.00249,2n0a,2
pocket10 ,F_96,1.6.6.-,0.0173,2n0a,2
pocket10 ,G_96,1.18.6.1,0.00135,2n0a,2
pocket11 ,G_32,4.3.2.2,0.0398,2n0a,2
pocket11 ,H_28,4.1.2.19,0.0065,2n0a,2
pocket11 ,H_32,4.3.2.2,0.0358,2n0a,2
pocket12 ,G_84,6.4.1.3,0.0043,2n0a,2
pocket13 ,A_96,4.2.1.22,0.02,2n0a,2
pocket13 ,B_96,1.6.6.-,0.0179,2n0a,2
pocket15 ,G_96,1.18.6.1,0.00135,2n0a,2
pocket17 ,F_32,4.3.2.2,0.036,2n0a,2
pocket17 ,G_32,4.3.2.2,0.0398,2n0a,2
pocket17 ,H_28,4.1.2.19,0.0065,2n0a,2
pocket18 ,B_50,1.4.3.2,0.00245,2n0a,2
pocket18 ,C_50,1.4.3.2,0.0127,2n0a,2
pocket18 ,D_50,1.4.3.2,0.0166,2n0a,2
pocket20 ,C_84,6.4.1.3,0.00638,2n0a,2
pocket21 ,F_32,4.3.2.2,0.036,2n0a,2
pocket21 ,G_35,4.1.2.19,0.0398,2n0a,2
pocket22 ,H_80,4.2.1.22,0.0177,2n0a,2
pocket23 ,G_84,6.4.1.3,0.0043,2n0a,2
pocket23 ,H_84,6.4.1.3,0.01,2n0a,2
pocket25 ,C_84,6.4.1.3,0.00638,2n0a,2
pocket26 ,E_97,6.1.1.10,0.0396,2n0a,2
pocket26 ,G_97,4.2.1.22,0.0228,2n0a,2
pocket27 ,H_84,6.4.1.3,0.01,2n0a,2
pocket28 ,F_67,6.4.1.3,0.0239,2n0a,2
pocket28 ,G_67,2.8.3.16,0.0108,2n0a,2
pocket28 ,G_97,4.2.1.22,0.0228,2n0a,2
pocket31 ,A_84,6.4.1.3,0.00696,2n0a,2
pocket1  ,C_58,3.6.1.34,3.98,2n0a,3
pocket1  ,C_61,3.2.1.14,1.92,2n0a,3
pocket1  ,F_58,1.5.1.34,1.11,2n0a,3
pocket1  ,G_58,1.5.1.34,2.15,2n0a,3
pocket1  ,H_61,3.2.1.14,2.97,2n0a,3
pocket2  ,C_61,3.2.1.14,1.92,2n0a,3
pocket2  ,H_61,3.2.1.14,2.97,2n0a,3
pocket3  ,E_80,5.5.1.1,2.18,2n0a,3
pocket4  ,A_81,,3.95,2n0a,3
pocket4  ,B_81,,2.59,2n0a,3
pocket4  ,C_80,5.5.1.1,3.39,2n0a,3
pocket4  ,C_81,,2.59,2n0a,3
pocket4  ,D_80,5.5.1.1,2.61,2n0a,3
pocket4  ,E_80,5.5.1.1,2.18,2n0a,3
pocket4  ,F_80,,4.92,2n0a,3
pocket4  ,G_80,5.5.1.1,2.19,2n0a,3
pocket5  ,C_23,,4.17,2n0a,3
pocket6  ,A_94,2.6.1.13,3.07,2n0a,3
pocket6  ,A_96,2.5.1.6,3.82,2n0a,3
pocket6  ,B_86,1.8.-.-,5.09,2n0a,3
pocket6  ,B_94,,2.64,2n0a,3
pocket6  ,B_96,3.6.1.34,2.76,2n0a,3
pocket6  ,C_94,2.6.1.13,2.44,2n0a,3
pocket6  ,C_96,3.6.1.34,2.3,2n0a,3
pocket6  ,D_94,2.6.1.13,2.24,2n0a,3
pocket6  ,D_96,2.5.1.6,1.12,2n0a,3
pocket6  ,E_94,2.6.1.13,3.19,2n0a,3
pocket6  ,E_96,2.5.1.6,2.19,2n0a,3
pocket7  ,C_45,1.5.1.34,1.8,2n0a,3
pocket7  ,D_45,1.5.1.34,2.24,2n0a,3
pocket7  ,E_45,1.5.1.34,1.51,2n0a,3
pocket7  ,F_45,1.5.1.34,1.81,2n0a,3
pocket7  ,G_45,1.5.1.34,1.5,2n0a,3
pocket8  ,B_45,1.5.1.34,1.51,2n0a,3
pocket8  ,C_45,1.5.1.34,1.8,2n0a,3
pocket8  ,D_45,1.5.1.34,2.24,2n0a,3
pocket8  ,E_43,2.7.2.2,4.79,2n0a,3
pocket8  ,E_45,1.5.1.34,1.51,2n0a,3
pocket8  ,F_45,1.5.1.34,1.81,2n0a,3
pocket8  ,G_45,1.5.1.34,1.5,2n0a,3
pocket9  ,G_41,3.4.16.6,3.46,2n0a,3
pocket9  ,G_45,1.5.1.34,1.5,2n0a,3
pocket10 ,E_94,2.6.1.13,3.19,2n0a,3
pocket10 ,E_96,2.5.1.6,2.19,2n0a,3
pocket10 ,F_94,,3.54,2n0a,3
pocket10 ,F_96,2.5.1.6,5.08,2n0a,3
pocket10 ,G_86,1.8.-.-,4.35,2n0a,3
pocket10 ,G_94,2.6.1.13,3.08,2n0a,3
pocket10 ,G_96,2.5.1.6,1.67,2n0a,3
pocket12 ,D_84,1.8.-.-,4.92,2n0a,3
pocket12 ,F_84,1.8.-.-,4.47,2n0a,3
pocket13 ,A_94,2.6.1.13,3.07,2n0a,3
pocket13 ,A_96,2.5.1.6,3.82,2n0a,3
pocket13 ,A_98,2.3.1.117,1.68,2n0a,3
pocket13 ,B_86,1.8.-.-,5.09,2n0a,3
pocket13 ,B_94,,2.64,2n0a,3
pocket13 ,B_96,3.6.1.34,2.76,2n0a,3
pocket13 ,B_98,2.3.1.117,1.39,2n0a,3
pocket15 ,G_86,1.8.-.-,4.35,2n0a,3
pocket15 ,G_94,2.6.1.13,3.08,2n0a,3
pocket15 ,G_96,2.5.1.6,1.67,2n0a,3
pocket15 ,H_94,2.6.1.13,2.77,2n0a,3
pocket18 ,B_45,1.5.1.34,1.51,2n0a,3
pocket18 ,C_45,1.5.1.34,1.8,2n0a,3
pocket18 ,D_45,1.5.1.34,2.24,2n0a,3
pocket19 ,H_94,2.6.1.13,2.77,2n0a,3
pocket20 ,D_84,1.8.-.-,4.92,2n0a,3
pocket22 ,G_80,5.5.1.1,2.19,2n0a,3
pocket26 ,E_97,3.6.1.34,3.64,2n0a,3
pocket28 ,H_97,3.6.1.34,4.07,2n0a,3
pocket30 ,C_58,3.6.1.34,3.98,2n0a,3
pocket1  ,B_59,3.5.1.26,8.02,2n0a,4
pocket1  ,B_72,3.5.1.26,3.81,2n0a,4
pocket1  ,C_59,3.5.1.26,6.5,2n0a,4
pocket1  ,D_72,3.5.1.26,6.56,2n0a,4
pocket1  ,E_54,2.7.1.69,13.6,2n0a,4
pocket1  ,F_54,2.7.1.69,13.6,2n0a,4
pocket1  ,F_72,3.5.1.26,9.57,2n0a,4
pocket2  ,B_72,3.5.1.26,3.81,2n0a,4
pocket2  ,D_72,3.5.1.26,6.56,2n0a,4
pocket2  ,F_72,3.5.1.26,9.57,2n0a,4
pocket3  ,C_46,2.6.1.16,9.69,2n0a,4
pocket3  ,D_37,4.1.1.70,8.26,2n0a,4
pocket3  ,D_46,2.6.1.16,9.7,2n0a,4
pocket3  ,E_37,4.1.1.70,6.68,2n0a,4
pocket3  ,E_46,2.6.1.16,9.42,2n0a,4
pocket3  ,F_46,2.6.1.16,10.6,2n0a,4
pocket3  ,G_37,4.1.1.70,6.33,2n0a,4
pocket3  ,G_46,3.2.1.73,10.8,2n0a,4
pocket3  ,H_37,4.1.1.70,7.37,2n0a,4
pocket3  ,H_46,2.6.1.16,11.0,2n0a,4
pocket6  ,A_86,1.1.1.44,8.3,2n0a,4
pocket6  ,B_86,1.1.1.44,6.29,2n0a,4
pocket6  ,C_96,2.7.2.8,8.44,2n0a,4
pocket6  ,D_86,6.4.1.3,9.22,2n0a,4
pocket6  ,D_96,2.7.2.8,10.6,2n0a,4
pocket6  ,E_86,6.4.1.3,11.1,2n0a,4
pocket6  ,E_96,2.7.2.8,8.44,2n0a,4
pocket7  ,G_50,4.2.1.96,11.9,2n0a,4
pocket10 ,E_86,6.4.1.3,11.1,2n0a,4
pocket10 ,E_96,2.7.2.8,8.44,2n0a,4
pocket10 ,F_101,5.4.2.9,9.74,2n0a,4
pocket12 ,C_85,4.2.1.17,8.31,2n0a,4
pocket12 ,D_85,4.2.1.17,8.14,2n0a,4
pocket12 ,E_85,4.2.1.17,8.19,2n0a,4
pocket12 ,F_84,6.4.1.3,10.4,2n0a,4
pocket12 ,F_85,4.2.1.17,8.19,2n0a,4
pocket12 ,G_85,4.2.1.17,8.19,2n0a,4
pocket13 ,A_86,1.1.1.44,8.3,2n0a,4
pocket13 ,A_98,2.4.2.22,8.54,2n0a,4
pocket13 ,B_86,1.1.1.44,6.29,2n0a,4
pocket13 ,B_98,2.4.2.22,9.91,2n0a,4
pocket20 ,B_85,4.2.1.17,9.28,2n0a,4
pocket20 ,C_85,4.2.1.17,8.31,2n0a,4
pocket20 ,D_85,4.2.1.17,8.14,2n0a,4
pocket23 ,G_85,4.2.1.17,8.19,2n0a,4
pocket25 ,B_85,4.2.1.17,9.28,2n0a,4
pocket25 ,C_85,4.2.1.17,8.31,2n0a,4
pocket26 ,E_99,3.1.1.11,12.9,2n0a,4
pocket28 ,F_67,6.4.1.3,12.5,2n0a,4
pocket31 ,A_84,1.1.1.44,13.4,2n0a,4
pocket31 ,B_85,4.2.1.17,9.28,2n0a,4
pocket33 ,D_75,3.5.1.26,8.29,2n0a,4
pocket34 ,D_72,3.5.1.26,6.56,2n0a,4
pocket34 ,D_75,3.5.1.26,8.29,2n0a,4
pocket35 ,F_72,3.5.1.26,9.57,2n0a,4
pocket3  ,B_42,4.3.2.1,58.2,2n0a,5
pocket3  ,C_42,4.3.2.1,57.8,2n0a,5
pocket3  ,C_46,2.6.1.16,37.3,2n0a,5
pocket3  ,D_42,4.3.2.1,58.2,2n0a,5
pocket3  ,D_44,4.3.2.1,56.4,2n0a,5
pocket3  ,D_46,2.6.1.16,40.9,2n0a,5
pocket3  ,E_42,4.3.2.1,59.1,2n0a,5
pocket3  ,E_44,4.3.2.1,56.0,2n0a,5
pocket3  ,E_80,2.1.2.3,67.7,2n0a,5
pocket3  ,F_42,3.1.1.61,68.3,2n0a,5
pocket3  ,F_44,4.3.2.1,56.4,2n0a,5
pocket3  ,G_42,3.1.1.61,67.2,2n0a,5
pocket3  ,H_44,4.3.2.1,56.5,2n0a,5
pocket4  ,C_80,4.1.99.4,41.0,2n0a,5
pocket4  ,E_80,2.1.2.3,67.7,2n0a,5
pocket4  ,F_80,2.1.2.3,64.9,2n0a,5
pocket6  ,C_99,2.8.3.16,41.4,2n0a,5
pocket7  ,C_1,3.4.21.88,59.6,2n0a,5
pocket7  ,C_45,4.1.99.4,36.4,2n0a,5
pocket7  ,D_45,4.1.99.4,35.9,2n0a,5
pocket7  ,D_50,2.6.1.16,37.1,2n0a,5
pocket7  ,E_45,4.1.99.4,36.6,2n0a,5
pocket7  ,E_50,2.6.1.16,39.8,2n0a,5
pocket7  ,F_45,4.1.99.4,34.6,2n0a,5
pocket7  ,G_45,4.1.99.4,40.2,2n0a,5
pocket8  ,B_45,4.1.99.4,36.4,2n0a,5
pocket8  ,C_1,3.4.21.88,59.6,2n0a,5
pocket8  ,C_4,1.11.1.10,55.6,2n0a,5
pocket8  ,C_43,4.1.99.4,37.7,2n0a,5
pocket8  ,C_45,4.1.99.4,36.4,2n0a,5
pocket8  ,D_43,4.1.99.4,36.1,2n0a,5
pocket8  ,D_45,4.1.99.4,35.9,2n0a,5
pocket8  ,E_43,4.1.99.4,35.5,2n0a,5
pocket8  ,E_45,4.1.99.4,36.6,2n0a,5
pocket8  ,F_43,4.1.99.4,35.2,2n0a,5
pocket8  ,F_45,4.1.99.4,34.6,2n0a,5
pocket8  ,G_45,4.1.99.4,40.2,2n0a,5
pocket9  ,C_1,3.4.21.88,59.6,2n0a,5
pocket9  ,C_4,1.11.1.10,55.6,2n0a,5
pocket9  ,C_7,3.4.21.92,61.8,2n0a,5
pocket9  ,F_43,4.1.99.4,35.2,2n0a,5
pocket9  ,G_45,4.1.99.4,40.2,2n0a,5
pocket13 ,C_99,2.8.3.16,41.4,2n0a,5
pocket14 ,B_42,4.3.2.1,58.2,2n0a,5
pocket18 ,B_45,4.1.99.4,36.4,2n0a,5
pocket18 ,C_45,4.1.99.4,36.4,2n0a,5
pocket18 ,C_50,2.6.1.16,36.7,2n0a,5
pocket18 ,D_45,4.1.99.4,35.9,2n0a,5
pocket18 ,D_50,2.6.1.16,37.1,2n0a,5
pocket1  ,G_58,4.2.1.22,0.0415,6a6b,2
pocket1  ,H_58,4.2.1.22,0.0443,6a6b,2
pocket2  ,A_58,1.6.6.-,0.0384,6a6b,2
pocket2  ,B_61,3.2.1.85,0.0179,6a6b,2
pocket2  ,D_58,4.2.1.22,0.00586,6a6b,2
pocket2  ,E_58,4.2.1.22,0.0254,6a6b,2
pocket3  ,G_44,1.18.99.1,0.0331,6a6b,2
pocket3  ,G_80,4.2.1.22,0.0429,6a6b,2
pocket3  ,H_44,1.18.99.1,0.0335,6a6b,2
pocket3  ,H_46,3.2.1.85,0.000443,6a6b,2
pocket3  ,H_80,2.5.1.17,0.00912,6a6b,2
pocket4  ,A_44,1.18.99.1,0.0331,6a6b,2
pocket4  ,A_80,1.6.6.-,0.0361,6a6b,2
pocket4  ,B_46,3.2.2.5,0.0244,6a6b,2
pocket4  ,B_80,6.1.1.10,0.014,6a6b,2
pocket4  ,C_44,1.18.99.1,0.0331,6a6b,2
pocket4  ,C_46,3.2.1.3,0.0212,6a6b,2
pocket4  ,D_44,1.18.99.1,0.0335,6a6b,2
pocket4  ,D_80,6.1.1.10,0.00784,6a6b,2
pocket4  ,E_41,3.4.21.1,0.0148,6a6b,2
pocket4  ,E_44,1.18.99.1,0.0335,6a6b,2
pocket4  ,E_46,3.2.1.85,0.0301,6a6b,2
pocket4  ,E_80,2.5.1.17,0.00235,6a6b,2
pocket4  ,F_44,1.18.99.1,0.0334,6a6b,2
pocket4  ,F_46,3.2.1.3,0.0196,6a6b,2
pocket4  ,F_80,2.5.1.17,0.00412,6a6b,2
pocket5  ,A_45,1.6.6.-,0.0315,6a6b,2
pocket5  ,A_50,1.3.1.26,0.00802,6a6b,2
pocket5  ,B_43,1.6.6.-,0.0279,6a6b,2
pocket5  ,B_45,1.6.6.-,0.0651,6a6b,2
pocket5  ,B_50,2.3.1.29,0.0174,6a6b,2
pocket5  ,C_43,2.5.1.17,0.0138,6a6b,2
pocket5  ,C_45,6.1.1.10,0.00372,6a6b,2
pocket5  ,C_50,1.2.4.4,0.0233,6a6b,2
pocket5  ,D_43,2.5.1.17,0.00279,6a6b,2
pocket5  ,D_45,1.6.6.-,0.0653,6a6b,2
pocket5  ,D_50,1.11.1.1,0.0179,6a6b,2
pocket5  ,E_43,2.5.1.17,0.0533,6a6b,2
pocket5  ,E_45,1.11.1.1,0.0201,6a6b,2
pocket5  ,E_50,5.1.3.3,0.00431,6a6b,2
pocket5  ,F_45,1.11.1.1,0.0646,6a6b,2
pocket5  ,F_50,1.6.4.2,0.0276,6a6b,2
pocket5  ,G_57,1.1.1.95,0.00592,6a6b,2
pocket5  ,H_57,3.2.1.85,0.0272,6a6b,2
pocket5  ,H_58,4.2.1.22,0.0443,6a6b,2
pocket6  ,A_57,3.2.2.5,0.0474,6a6b,2
pocket6  ,B_57,3.2.1.85,0.0116,6a6b,2
pocket6  ,C_57,3.2.1.85,0.0017,6a6b,2
pocket6  ,D_57,3.2.1.85,0.0239,6a6b,2
pocket6  ,D_58,4.2.1.22,0.00586,6a6b,2
pocket6  ,E_57,3.2.1.85,0.0213,6a6b,2
pocket6  ,E_58,4.2.1.22,0.0254,6a6b,2
pocket6  ,G_43,2.5.1.17,0.0308,6a6b,2
pocket6  ,G_45,4.2.1.2,0.0437,6a6b,2
pocket6  ,G_50,2.7.1.99,0.0199,6a6b,2
pocket6  ,H_43,1.6.6.-,0.0655,6a6b,2
pocket6  ,H_45,4.2.1.2,0.0143,6a6b,2
pocket6  ,H_50,1.6.4.2,0.0199,6a6b,2
pocket7  ,C_43,2.5.1.17,0.0138,6a6b,2
pocket7  ,D_43,2.5.1.17,0.00279,6a6b,2
pocket2  ,A_54,,2.77,6a6b,3
pocket2  ,B_54,,2.78,6a6b,3
pocket2  ,B_58,5.5.1.1,2.47,6a6b,3
pocket2  ,B_61,2.5.1.46,2.56,6a6b,3
pocket2  ,B_72,,3.52,6a6b,3
pocket2  ,C_54,,2.78,6a6b,3
pocket2  ,C_58,5.5.1.1,2.08,6a6b,3
pocket2  ,C_72,,3.56,6a6b,3
pocket2  ,D_54,,2.81,6a6b,3
pocket2  ,D_58,5.5.1.1,2.11,6a6b,3
pocket2  ,E_54,,3.02,6a6b,3
pocket4  ,A_46,2.5.1.46,1.98,6a6b,3
pocket4  ,B_41,3.4.16.6,4.06,6a6b,3
pocket4  ,B_80,5.5.1.1,1.38,6a6b,3
pocket4  ,C_41,3.4.16.6,4.04,6a6b,3
pocket4  ,C_80,5.5.1.1,1.4,6a6b,3
pocket4  ,D_41,3.4.16.6,4.04,6a6b,3
pocket4  ,D_80,5.5.1.1,3.92,6a6b,3
pocket4  ,E_80,1.5.1.34,0.996,6a6b,3
pocket4  ,F_41,3.4.16.6,4.02,6a6b,3
pocket4  ,F_46,2.5.1.46,3.84,6a6b,3
pocket4  ,F_80,5.5.1.1,3.93,6a6b,3
pocket5  ,A_43,1.5.1.34,0.842,6a6b,3
pocket5  ,A_45,1.5.1.34,0.821,6a6b,3
pocket5  ,A_50,3.1.27.-,3.41,6a6b,3
pocket5  ,B_43,1.5.1.34,0.993,6a6b,3
pocket5  ,B_45,1.5.1.34,0.689,6a6b,3
pocket5  ,B_50,3.1.27.-,3.3,6a6b,3
pocket5  ,C_43,1.5.1.34,1.02,6a6b,3
pocket5  ,C_45,1.5.1.34,0.824,6a6b,3
pocket5  ,C_50,3.1.27.-,2.26,6a6b,3
pocket5  ,D_43,1.5.1.34,1.24,6a6b,3
pocket5  ,D_45,1.5.1.34,0.612,6a6b,3
pocket5  ,D_50,3.1.27.3,2.05,6a6b,3
pocket5  ,E_43,1.5.1.34,1.1,6a6b,3
pocket5  ,E_45,1.5.1.34,0.656,6a6b,3
pocket5  ,E_50,3.1.27.3,1.36,6a6b,3
pocket5  ,F_43,1.5.1.34,1.04,6a6b,3
pocket5  ,F_45,4.2.1.2,1.48,6a6b,3
pocket5  ,F_50,3.1.27.3,1.45,6a6b,3
pocket5  ,G_57,1.1.3.4,1.04,6a6b,3
pocket5  ,H_57,1.1.3.4,0.871,6a6b,3
pocket6  ,A_57,2.5.1.46,3.15,6a6b,3
pocket6  ,B_57,2.5.1.46,3.09,6a6b,3
pocket6  ,C_57,2.5.1.46,3.06,6a6b,3
pocket6  ,C_58,5.5.1.1,2.08,6a6b,3
pocket6  ,D_57,1.1.3.4,1.37,6a6b,3
pocket6  ,D_58,5.5.1.1,2.11,6a6b,3
pocket6  ,E_57,4.2.1.10,1.01,6a6b,3
pocket6  ,G_43,6.1.1.19,2.9,6a6b,3
pocket6  ,G_45,4.2.1.2,1.43,6a6b,3
pocket6  ,G_50,3.5.3.3,4.06,6a6b,3
pocket6  ,H_45,4.1.1.17,3.66,6a6b,3
pocket6  ,H_50,3.5.3.3,3.59,6a6b,3
pocket7  ,C_43,1.5.1.34,1.02,6a6b,3
pocket7  ,D_43,1.5.1.34,1.24,6a6b,3
pocket2  ,B_54,3.5.1.26,8.99,6a6b,4
pocket2  ,B_58,2.7.2.8,6.02,6a6b,4
pocket2  ,C_54,3.5.1.26,9.41,6a6b,4
pocket2  ,C_56,4.2.1.17,9.27,6a6b,4
pocket2  ,C_75,3.5.1.26,7.16,6a6b,4
pocket2  ,D_54,3.5.1.26,6.76,6a6b,4
pocket2  ,D_56,4.2.1.17,6.81,6a6b,4
pocket2  ,D_75,3.5.1.26,6.86,6a6b,4
pocket2  ,E_56,4.2.1.17,5.92,6a6b,4
pocket2  ,F_56,4.2.1.17,5.86,6a6b,4
pocket4  ,A_80,2.7.2.8,10.5,6a6b,4
pocket4  ,C_46,2.6.1.16,8.14,6a6b,4
pocket4  ,C_80,2.7.2.8,6.4,6a6b,4
pocket4  ,D_46,2.6.1.16,6.81,6a6b,4
pocket4  ,D_80,2.7.2.8,9.94,6a6b,4
pocket4  ,E_46,2.6.1.16,9.96,6a6b,4
pocket4  ,F_46,2.6.1.16,9.81,6a6b,4
pocket5  ,B_45,1.11.1.1,8.28,6a6b,4
pocket5  ,B_50,3.1.27.5,8.73,6a6b,4
pocket5  ,C_43,4.3.2.2,10.1,6a6b,4
pocket5  ,C_45,1.11.1.1,7.26,6a6b,4
pocket5  ,C_50,3.1.27.5,8.59,6a6b,4
pocket5  ,D_43,4.3.2.2,9.8,6a6b,4
pocket5  ,D_45,1.11.1.1,7.17,6a6b,4
pocket5  ,D_50,3.1.22.4,8.35,6a6b,4
pocket5  ,E_45,1.11.1.1,6.93,6a6b,4
pocket5  ,E_50,3.1.27.5,9.08,6a6b,4
pocket5  ,F_43,4.3.2.2,10.3,6a6b,4
pocket5  ,F_45,1.11.1.1,6.91,6a6b,4
pocket5  ,F_50,3.1.27.5,9.1,6a6b,4
pocket5  ,G_57,4.2.1.11,4.03,6a6b,4
pocket5  ,H_57,4.2.1.11,5.46,6a6b,4
pocket5  ,H_59,4.3.2.2,9.52,6a6b,4
pocket6  ,E_57,4.2.1.11,7.83,6a6b,4
pocket7  ,C_43,4.3.2.2,10.1,6a6b,4
pocket7  ,D_43,4.3.2.2,9.8,6a6b,4
pocket1  ,G_58,4.1.1.39,79.2,6a6b,5
pocket1  ,H_58,4.1.1.39,77.0,6a6b,5
pocket4  ,B_44,4.3.2.1,46.9,6a6b,5
pocket4  ,B_46,2.6.1.16,25.2,6a6b,5
pocket4  ,B_80,2.1.2.3,34.6,6a6b,5
pocket4  ,C_44,4.3.2.1,46.4,6a6b,5
pocket4  ,C_46,2.6.1.16,25.3,6a6b,5
pocket4  ,C_80,2.1.2.3,71.6,6a6b,5
pocket4  ,D_44,4.3.2.1,46.2,6a6b,5
pocket4  ,D_80,2.1.2.3,72.3,6a6b,5
pocket4  ,E_44,4.3.2.1,46.2,6a6b,5
pocket4  ,E_80,2.1.2.3,38.7,6a6b,5
pocket4  ,F_80,2.1.2.3,35.4,6a6b,5
pocket5  ,B_43,4.1.99.4,42.0,6a6b,5
pocket5  ,C_43,4.1.99.4,41.9,6a6b,5
pocket5  ,C_50,2.6.1.16,26.3,6a6b,5
pocket5  ,D_43,4.1.99.4,41.1,6a6b,5
pocket5  ,D_50,2.6.1.16,26.6,6a6b,5
pocket5  ,E_43,4.1.99.4,42.1,6a6b,5
pocket5  ,E_50,2.6.1.16,26.1,6a6b,5
pocket5  ,F_43,4.1.1.39,80.7,6a6b,5
pocket5  ,F_45,2.1.2.3,38.2,6a6b,5
pocket5  ,H_58,4.1.1.39,77.0,6a6b,5
pocket5  ,H_59,4.3.2.1,41.1,6a6b,5
pocket7  ,B_42,4.3.2.1,46.0,6a6b,5
pocket7  ,C_42,4.3.2.1,43.7,6a6b,5
pocket7  ,C_43,4.1.99.4,41.9,6a6b,5
pocket7  ,D_42,4.3.2.1,43.7,6a6b,5
pocket7  ,D_43,4.1.99.4,41.1,6a6b,5
pocket9  ,A_87,3.5.1.26,18.5,6a6b,5
pocket9  ,B_87,3.5.1.26,14.7,6a6b,5
pocket9  ,C_87,3.5.1.26,14.3,6a6b,5
pocket9  ,D_87,3.5.1.26,14.6,6a6b,5
pocket9  ,E_87,3.5.1.26,14.9,6a6b,5
pocket1  ,E_61,3.2.1.85,0.0739,6h6b,2
pocket1  ,F_61,3.2.1.85,0.0906,6h6b,2
pocket2  ,A_61,3.2.1.85,0.0716,6h6b,2
pocket2  ,B_61,3.2.1.85,0.0928,6h6b,2
pocket2  ,C_61,3.1.3.25,0.0973,6h6b,2
pocket2  ,H_61,3.2.1.85,0.0583,6h6b,2
pocket3  ,A_43,1.6.6.-,0.000867,6h6b,2
pocket3  ,A_45,1.6.6.-,0.0181,6h6b,2
pocket3  ,B_43,1.6.6.-,0.00969,6h6b,2
pocket3  ,B_45,2.7.8.7,0.0127,6h6b,2
pocket3  ,C_43,4.3.2.2,0.0154,6h6b,2
pocket3  ,C_45,2.7.8.7,0.0254,6h6b,2
pocket3  ,D_57,3.1.8.2,0.0156,6h6b,2
pocket3  ,D_58,1.6.6.-,0.0146,6h6b,2
pocket3  ,E_58,1.6.6.-,0.00588,6h6b,2
pocket3  ,F_57,1.1.1.34,0.0731,6h6b,2
pocket3  ,G_43,1.6.6.-,0.054,6h6b,2
pocket3  ,H_43,2.7.8.7,0.0567,6h6b,2
pocket3  ,H_45,1.6.6.-,0.0765,6h6b,2
pocket4  ,A_58,1.11.1.1,0.0646,6h6b,2
pocket4  ,B_58,1.6.6.-,0.0106,6h6b,2
pocket4  ,C_57,1.1.1.34,0.0338,6h6b,2
pocket4  ,C_58,1.6.6.-,0.0709,6h6b,2
pocket4  ,D_43,4.3.2.2,0.00108,6h6b,2
pocket4  ,D_45,1.6.6.-,0.0263,6h6b,2
pocket4  ,E_43,4.3.2.2,0.0309,6h6b,2
pocket4  ,E_45,1.6.6.-,0.0142,6h6b,2
pocket4  ,F_43,1.6.6.-,0.0113,6h6b,2
pocket4  ,G_58,1.6.6.-,0.0206,6h6b,2
pocket4  ,H_58,4.2.1.2,0.0671,6h6b,2
pocket7  ,D_39,1.1.1.62,0.0185,6h6b,2
pocket7  ,D_43,4.3.2.2,0.00108,6h6b,2
pocket7  ,E_39,1.1.1.62,0.0194,6h6b,2
pocket7  ,E_43,4.3.2.2,0.0309,6h6b,2
pocket7  ,F_39,1.1.1.62,0.0191,6h6b,2
pocket7  ,F_43,1.6.6.-,0.0113,6h6b,2
pocket8  ,A_39,1.1.1.62,0.0189,6h6b,2
pocket8  ,A_43,1.6.6.-,0.000867,6h6b,2
pocket8  ,B_39,1.1.1.62,0.0188,6h6b,2
pocket8  ,B_43,1.6.6.-,0.00969,6h6b,2
pocket8  ,C_39,1.1.1.62,0.019,6h6b,2
pocket8  ,C_43,4.3.2.2,0.0154,6h6b,2
pocket8  ,G_39,1.1.1.62,0.0185,6h6b,2
pocket8  ,G_43,1.6.6.-,0.054,6h6b,2
pocket8  ,H_39,1.1.1.62,0.0186,6h6b,2
pocket8  ,H_43,2.7.8.7,0.0567,6h6b,2
pocket9  ,A_45,1.6.6.-,0.0181,6h6b,2
pocket9  ,A_50,2.1.1.43,0.00214,6h6b,2
pocket9  ,B_50,3.1.1.2,0.0305,6h6b,2
pocket9  ,E_57,3.1.8.2,0.0274,6h6b,2
pocket9  ,E_58,1.6.6.-,0.00588,6h6b,2
pocket10 ,A_57,3.2.1.85,0.0522,6h6b,2
pocket10 ,A_58,1.11.1.1,0.0646,6h6b,2
pocket10 ,E_50,4.3.1.2,0.0323,6h6b,2
pocket10 ,H_57,3.2.1.85,0.0389,6h6b,2
pocket10 ,H_58,4.2.1.2,0.0671,6h6b,2
pocket11 ,A_57,3.2.1.85,0.0522,6h6b,2
pocket11 ,A_58,1.11.1.1,0.0646,6h6b,2
pocket11 ,B_57,3.1.8.2,0.00924,6h6b,2
pocket11 ,B_58,1.6.6.-,0.0106,6h6b,2
pocket11 ,D_50,3.1.1.2,0.0105,6h6b,2
pocket11 ,E_45,1.6.6.-,0.0142,6h6b,2
pocket11 ,E_50,4.3.1.2,0.0323,6h6b,2
pocket12 ,A_46,3.2.1.85,0.0702,6h6b,2
pocket12 ,A_80,4.3.2.2,0.0112,6h6b,2
pocket12 ,B_80,1.6.6.-,0.00965,6h6b,2
pocket12 ,C_46,3.2.1.58,0.0533,6h6b,2
pocket12 ,H_46,3.2.1.58,0.042,6h6b,2
pocket12 ,H_80,1.6.6.-,0.00354,6h6b,2
pocket13 ,E_46,3.2.1.58,0.064,6h6b,2
pocket13 ,E_80,2.5.1.17,0.066,6h6b,2
pocket13 ,F_46,1.9.3.1,0.0734,6h6b,2
pocket14 ,A_50,2.1.1.43,0.00214,6h6b,2
pocket14 ,H_45,1.6.6.-,0.0765,6h6b,2
pocket14 ,H_50,2.1.1.43,0.00458,6h6b,2
pocket15 ,B_45,2.7.8.7,0.0127,6h6b,2
pocket15 ,B_50,3.1.1.2,0.0305,6h6b,2
pocket15 ,D_57,3.1.8.2,0.0156,6h6b,2
pocket15 ,D_58,1.6.6.-,0.0146,6h6b,2
pocket15 ,E_57,3.1.8.2,0.0274,6h6b,2
pocket15 ,E_58,1.6.6.-,0.00588,6h6b,2
pocket16 ,B_57,3.1.8.2,0.00924,6h6b,2
pocket16 ,B_58,1.6.6.-,0.0106,6h6b,2
pocket16 ,C_57,1.1.1.34,0.0338,6h6b,2
pocket16 ,C_58,1.6.6.-,0.0709,6h6b,2
pocket16 ,D_45,1.6.6.-,0.0263,6h6b,2
pocket16 ,D_50,3.1.1.2,0.0105,6h6b,2
pocket17 ,G_57,4.1.2.19,0.0446,6h6b,2
pocket17 ,G_58,1.6.6.-,0.0206,6h6b,2
pocket17 ,H_57,3.2.1.85,0.0389,6h6b,2
pocket17 ,H_58,4.2.1.2,0.0671,6h6b,2
pocket18 ,G_50,2.1.1.43,0.0234,6h6b,2
pocket18 ,H_50,2.1.1.43,0.00458,6h6b,2
pocket19 ,A_67,2.8.3.16,0.0167,6h6b,2
pocket19 ,B_67,2.8.3.16,0.0168,6h6b,2
pocket19 ,G_67,2.8.3.16,0.0163,6h6b,2
pocket19 ,H_67,2.8.3.16,0.0174,6h6b,2
pocket20 ,D_67,2.8.3.16,0.0163,6h6b,2
pocket20 ,E_67,6.4.1.3,0.0235,6h6b,2
pocket21 ,G_57,4.1.2.19,0.0446,6h6b,2
pocket21 ,G_58,1.6.6.-,0.0206,6h6b,2
pocket22 ,E_46,3.2.1.58,0.064,6h6b,2
pocket22 ,E_80,2.5.1.17,0.066,6h6b,2
pocket23 ,A_46,3.2.1.85,0.0702,6h6b,2
pocket23 ,A_80,4.3.2.2,0.0112,6h6b,2
pocket23 ,H_80,1.6.6.-,0.00354,6h6b,2
pocket25 ,A_80,4.3.2.2,0.0112,6h6b,2
pocket25 ,B_80,1.6.6.-,0.00965,6h6b,2
pocket25 ,C_46,3.2.1.58,0.0533,6h6b,2
pocket26 ,G_67,2.8.3.16,0.0163,6h6b,2
pocket26 ,G_68,6.4.1.3,0.0193,6h6b,2
pocket27 ,F_57,1.1.1.34,0.0731,6h6b,2
pocket1  ,D_61,2.5.1.46,1.92,6h6b,3
pocket1  ,E_61,3.2.1.14,2.89,6h6b,3
pocket1  ,F_61,2.5.1.46,1.92,6h6b,3
pocket2  ,A_61,3.2.1.14,2.66,6h6b,3
pocket2  ,B_61,3.2.1.14,2.63,6h6b,3
pocket2  ,C_61,3.2.1.14,2.65,6h6b,3
pocket2  ,G_61,2.5.1.46,0.833,6h6b,3
pocket2  ,H_61,2.5.1.46,0.83,6h6b,3
pocket3  ,A_45,1.5.1.34,0.873,6h6b,3
pocket3  ,B_45,1.5.1.34,0.753,6h6b,3
pocket3  ,C_45,1.5.1.34,1.35,6h6b,3
pocket3  ,C_50,4.99.1.1,2.21,6h6b,3
pocket3  ,D_57,4.2.1.10,1.95,6h6b,3
pocket3  ,D_58,4.1.1.17,1.91,6h6b,3
pocket3  ,F_57,4.2.1.10,1.94,6h6b,3
pocket3  ,H_45,1.5.1.34,1.01,6h6b,3
pocket4  ,A_58,1.5.1.34,0.736,6h6b,3
pocket4  ,B_58,1.5.1.34,0.67,6h6b,3
pocket4  ,C_57,4.1.1.7,2.43,6h6b,3
pocket4  ,C_58,1.5.1.34,0.743,6h6b,3
pocket4  ,D_45,4.1.1.17,1.24,6h6b,3
pocket4  ,E_45,4.1.1.17,1.23,6h6b,3
pocket4  ,F_45,4.2.1.2,2.56,6h6b,3
pocket4  ,F_50,4.99.1.1,2.14,6h6b,3
pocket4  ,H_58,6.1.1.19,2.81,6h6b,3
pocket9  ,A_45,1.5.1.34,0.873,6h6b,3
pocket9  ,A_50,3.1.27.3,1.21,6h6b,3
pocket9  ,B_50,3.1.22.4,2.15,6h6b,3
pocket9  ,E_57,4.2.1.10,1.96,6h6b,3
pocket10 ,A_57,1.1.3.4,2.41,6h6b,3
pocket10 ,A_58,1.5.1.34,0.736,6h6b,3
pocket10 ,E_50,3.1.27.3,1.15,6h6b,3
pocket10 ,H_57,2.5.1.46,2.88,6h6b,3
pocket10 ,H_58,6.1.1.19,2.81,6h6b,3
pocket11 ,A_57,1.1.3.4,2.41,6h6b,3
pocket11 ,A_58,1.5.1.34,0.736,6h6b,3
pocket11 ,B_57,4.2.1.10,1.98,6h6b,3
pocket11 ,B_58,1.5.1.34,0.67,6h6b,3
pocket11 ,D_50,3.1.4.11,2.17,6h6b,3
pocket11 ,E_45,4.1.1.17,1.23,6h6b,3
pocket11 ,E_50,3.1.27.3,1.15,6h6b,3
pocket12 ,A_80,1.5.1.34,1.24,6h6b,3
pocket12 ,B_80,5.5.1.1,2.53,6h6b,3
pocket12 ,H_80,5.5.1.1,2.53,6h6b,3
pocket14 ,A_50,3.1.27.3,1.21,6h6b,3
pocket14 ,H_45,1.5.1.34,1.01,6h6b,3
pocket14 ,H_50,3.1.22.4,2.06,6h6b,3
pocket15 ,B_45,1.5.1.34,0.753,6h6b,3
pocket15 ,B_50,3.1.22.4,2.15,6h6b,3
pocket15 ,C_50,4.99.1.1,2.21,6h6b,3
pocket15 ,D_57,4.2.1.10,1.95,6h6b,3
pocket15 ,D_58,4.1.1.17,1.91,6h6b,3
pocket15 ,E_57,4.2.1.10,1.96,6h6b,3
pocket16 ,B_57,4.2.1.10,1.98,6h6b,3
pocket16 ,B_58,1.5.1.34,0.67,6h6b,3
pocket16 ,C_57,4.1.1.7,2.43,6h6b,3
pocket16 ,C_58,1.5.1.34,0.743,6h6b,3
pocket16 ,D_45,4.1.1.17,1.24,6h6b,3
pocket16 ,D_50,3.1.4.11,2.17,6h6b,3
pocket16 ,F_50,4.99.1.1,2.14,6h6b,3
pocket17 ,G_57,2.5.1.46,2.89,6h6b,3
pocket17 ,H_57,2.5.1.46,2.88,6h6b,3
pocket17 ,H_58,6.1.1.19,2.81,6h6b,3
pocket18 ,G_50,3.1.27.-,2.88,6h6b,3
pocket18 ,H_50,3.1.22.4,2.06,6h6b,3
pocket21 ,G_57,2.5.1.46,2.89,6h6b,3
pocket23 ,A_80,1.5.1.34,1.24,6h6b,3
pocket23 ,H_80,5.5.1.1,2.53,6h6b,3
pocket25 ,A_80,1.5.1.34,1.24,6h6b,3
pocket25 ,B_80,5.5.1.1,2.53,6h6b,3
pocket27 ,C_50,4.99.1.1,2.21,6h6b,3
pocket27 ,F_57,4.2.1.10,1.94,6h6b,3
pocket1  ,D_56,4.2.1.17,5.73,6h6b,4
pocket1  ,D_59,2.7.1.69,11.4,6h6b,4
pocket1  ,E_56,4.2.1.17,6.77,6h6b,4
pocket1  ,E_59,2.7.1.69,9.37,6h6b,4
pocket1  ,F_56,4.2.1.17,5.7,6h6b,4
pocket1  ,F_59,2.7.1.69,11.9,6h6b,4
pocket2  ,A_54,3.5.1.26,7.3,6h6b,4
pocket2  ,A_61,,9.77,6h6b,4
pocket2  ,A_75,3.5.1.26,9.37,6h6b,4
pocket2  ,B_56,4.2.1.17,6.45,6h6b,4
pocket2  ,B_75,3.5.1.26,7.36,6h6b,4
pocket2  ,H_54,3.5.1.26,7.32,6h6b,4
pocket2  ,H_56,4.2.1.17,9.33,6h6b,4
pocket2  ,H_73,6.4.1.3,9.58,6h6b,4
pocket2  ,H_75,3.5.1.26,7.09,6h6b,4
pocket3  ,A_45,1.11.1.1,9.79,6h6b,4
pocket3  ,B_45,1.11.1.1,9.77,6h6b,4
pocket3  ,C_50,3.1.27.5,12.4,6h6b,4
pocket3  ,D_57,4.2.1.11,6.19,6h6b,4
pocket3  ,F_57,4.2.1.11,6.25,6h6b,4
pocket3  ,G_45,1.11.1.1,9.74,6h6b,4
pocket3  ,H_45,1.11.1.1,9.67,6h6b,4
pocket4  ,C_57,4.2.1.11,3.43,6h6b,4
pocket4  ,D_45,1.11.1.1,9.8,6h6b,4
pocket4  ,E_45,1.11.1.1,9.73,6h6b,4
pocket9  ,A_45,1.11.1.1,9.79,6h6b,4
pocket9  ,A_50,3.1.27.5,8.13,6h6b,4
pocket9  ,B_50,3.1.22.4,8.07,6h6b,4
pocket9  ,E_57,4.2.1.11,5.6,6h6b,4
pocket10 ,A_57,4.2.1.11,1.81,6h6b,4
pocket10 ,E_50,3.1.27.5,8.14,6h6b,4
pocket11 ,A_57,4.2.1.11,1.81,6h6b,4
pocket11 ,B_57,4.2.1.11,4.1,6h6b,4
pocket11 ,E_45,1.11.1.1,9.73,6h6b,4
pocket11 ,E_50,3.1.27.5,8.14,6h6b,4
pocket12 ,A_46,2.6.1.16,8.02,6h6b,4
pocket12 ,A_80,2.7.2.8,6.28,6h6b,4
pocket12 ,B_46,2.6.1.16,12.1,6h6b,4
pocket12 ,C_46,2.6.1.16,11.1,6h6b,4
pocket12 ,H_46,2.6.1.16,10.8,6h6b,4
pocket12 ,H_80,2.7.2.8,6.82,6h6b,4
pocket14 ,A_50,3.1.27.5,8.13,6h6b,4
pocket14 ,H_45,1.11.1.1,9.67,6h6b,4
pocket14 ,H_50,3.1.22.4,7.95,6h6b,4
pocket15 ,B_45,1.11.1.1,9.77,6h6b,4
pocket15 ,B_50,3.1.22.4,8.07,6h6b,4
pocket15 ,C_50,3.1.27.5,12.4,6h6b,4
pocket15 ,D_57,4.2.1.11,6.19,6h6b,4
pocket15 ,E_57,4.2.1.11,5.6,6h6b,4
pocket16 ,B_57,4.2.1.11,4.1,6h6b,4
pocket16 ,C_57,4.2.1.11,3.43,6h6b,4
pocket16 ,D_45,1.11.1.1,9.8,6h6b,4
pocket18 ,G_45,1.11.1.1,9.74,6h6b,4
pocket18 ,G_50,3.1.27.5,8.1,6h6b,4
pocket18 ,H_50,3.1.22.4,7.95,6h6b,4
pocket19 ,H_67,6.4.1.3,10.6,6h6b,4
pocket23 ,A_46,2.6.1.16,8.02,6h6b,4
pocket23 ,A_80,2.7.2.8,6.28,6h6b,4
pocket23 ,B_46,2.6.1.16,12.1,6h6b,4
pocket23 ,H_80,2.7.2.8,6.82,6h6b,4
pocket25 ,A_80,2.7.2.8,6.28,6h6b,4
pocket25 ,B_46,2.6.1.16,12.1,6h6b,4
pocket25 ,C_46,2.6.1.16,11.1,6h6b,4
pocket27 ,C_50,3.1.27.5,12.4,6h6b,4
pocket27 ,F_57,4.2.1.11,6.25,6h6b,4
pocket1  ,D_59,4.3.2.1,33.4,6h6b,5
pocket1  ,E_59,4.3.2.1,33.6,6h6b,5
pocket1  ,F_59,4.3.2.1,33.4,6h6b,5
pocket3  ,A_43,4.1.99.4,36.1,6h6b,5
pocket3  ,A_45,4.1.99.4,34.1,6h6b,5
pocket3  ,B_43,4.1.99.4,33.8,6h6b,5
pocket3  ,B_45,4.1.99.4,33.7,6h6b,5
pocket3  ,C_43,4.1.99.4,34.5,6h6b,5
pocket3  ,C_45,4.1.99.4,36.2,6h6b,5
pocket3  ,C_50,3.4.15.1,65.2,6h6b,5
pocket3  ,D_57,2.6.1.16,20.0,6h6b,5
pocket3  ,D_58,4.1.99.4,36.0,6h6b,5
pocket3  ,F_57,2.6.1.16,19.9,6h6b,5
pocket3  ,F_58,4.1.1.39,83.1,6h6b,5
pocket3  ,H_45,2.1.2.3,62.6,6h6b,5
pocket6  ,A_87,3.5.1.26,15.1,6h6b,5
pocket6  ,B_87,3.5.1.26,22.0,6h6b,5
pocket6  ,C_87,3.5.1.26,32.5,6h6b,5
pocket6  ,H_87,3.5.1.26,16.0,6h6b,5
pocket8  ,A_43,4.1.99.4,36.1,6h6b,5
pocket8  ,B_43,4.1.99.4,33.8,6h6b,5
pocket8  ,C_43,4.1.99.4,34.5,6h6b,5
pocket9  ,A_45,4.1.99.4,34.1,6h6b,5
pocket9  ,A_50,2.6.1.16,19.4,6h6b,5
pocket9  ,B_50,3.4.15.1,65.2,6h6b,5
pocket12 ,A_44,4.3.2.1,33.5,6h6b,5
pocket12 ,B_44,4.3.2.1,39.1,6h6b,5
pocket12 ,B_80,2.1.2.3,36.6,6h6b,5
pocket12 ,C_44,4.3.2.1,39.7,6h6b,5
pocket12 ,H_44,4.3.2.1,40.2,6h6b,5
pocket14 ,A_50,2.6.1.16,19.4,6h6b,5
pocket14 ,H_45,2.1.2.3,62.6,6h6b,5
pocket14 ,H_50,2.6.1.16,21.6,6h6b,5
pocket15 ,B_45,4.1.99.4,33.7,6h6b,5
pocket15 ,B_50,3.4.15.1,65.2,6h6b,5
pocket15 ,C_50,3.4.15.1,65.2,6h6b,5
pocket15 ,D_57,2.6.1.16,20.0,6h6b,5
pocket15 ,D_58,4.1.99.4,36.0,6h6b,5
pocket18 ,H_50,2.6.1.16,21.6,6h6b,5
pocket25 ,B_80,2.1.2.3,36.6,6h6b,5
pocket27 ,C_50,3.4.15.1,65.2,6h6b,5
pocket27 ,F_57,2.6.1.16,19.9,6h6b,5
pocket1  ,B_58,2.5.1.17,0.0599,6lrq,2
pocket1  ,C_58,2.5.1.17,0.0601,6lrq,2
pocket2  ,D_58,1.6.6.-,0.0513,6lrq,2
pocket2  ,E_58,2.5.1.17,0.0602,6lrq,2
pocket2  ,F_58,2.5.1.17,0.0603,6lrq,2
pocket3  ,A_46,3.2.2.5,0.00851,6lrq,2
pocket3  ,A_80,4.3.2.2,0.0678,6lrq,2
pocket3  ,B_46,3.2.1.85,0.0138,6lrq,2
pocket3  ,B_80,1.6.6.-,0.0451,6lrq,2
pocket3  ,C_46,3.2.1.85,0.104,6lrq,2
pocket4  ,D_46,3.2.1.85,0.0234,6lrq,2
pocket4  ,D_80,2.1.1.6,0.0616,6lrq,2
pocket4  ,E_46,3.2.1.85,0.01,6lrq,2
pocket4  ,E_80,4.2.1.2,0.0354,6lrq,2
pocket4  ,F_46,3.1.3.25,0.0148,6lrq,2
pocket4  ,F_80,6.1.1.10,0.00826,6lrq,2
pocket5  ,A_61,,0.0488,6lrq,2
pocket5  ,B_58,2.5.1.17,0.0599,6lrq,2
pocket5  ,B_61,4.1.1.50,0.00885,6lrq,2
pocket5  ,C_58,2.5.1.17,0.0601,6lrq,2
pocket5  ,C_61,3.2.1.85,0.011,6lrq,2
pocket6  ,D_58,1.6.6.-,0.0513,6lrq,2
pocket6  ,D_61,,0.0481,6lrq,2
pocket6  ,E_58,2.5.1.17,0.0602,6lrq,2
pocket6  ,E_61,,0.0479,6lrq,2
pocket6  ,F_58,2.5.1.17,0.0603,6lrq,2
pocket6  ,F_61,,0.0481,6lrq,2
pocket7  ,D_43,2.5.1.17,0.105,6lrq,2
pocket7  ,D_45,2.7.4.7,0.0721,6lrq,2
pocket7  ,E_43,2.5.1.17,0.0509,6lrq,2
pocket7  ,E_45,1.6.6.-,0.0874,6lrq,2
pocket7  ,E_50,3.1.1.2,0.0484,6lrq,2
pocket7  ,F_43,1.6.6.-,0.0833,6lrq,2
pocket7  ,F_45,1.6.6.-,0.0109,6lrq,2
pocket8  ,B_43,4.3.2.2,0.0283,6lrq,2
pocket8  ,B_45,1.6.6.-,0.0243,6lrq,2
pocket8  ,B_50,1.2.4.4,0.12,6lrq,2
pocket8  ,C_43,1.6.6.-,0.0132,6lrq,2
pocket8  ,C_45,1.6.6.-,0.0522,6lrq,2
pocket8  ,C_50,3.1.1.2,0.0634,6lrq,2
pocket9  ,A_43,2.5.1.17,0.0512,6lrq,2
pocket9  ,A_45,6.1.1.10,0.044,6lrq,2
pocket9  ,B_43,4.3.2.2,0.0283,6lrq,2
pocket9  ,B_45,1.6.6.-,0.0243,6lrq,2
pocket9  ,C_45,1.6.6.-,0.0522,6lrq,2
pocket11 ,E_43,2.5.1.17,0.0509,6lrq,2
pocket11 ,E_45,1.6.6.-,0.0874,6lrq,2
pocket11 ,F_43,1.6.6.-,0.0833,6lrq,2
pocket11 ,F_45,1.6.6.-,0.0109,6lrq,2
pocket12 ,B_86,6.4.1.3,0.119,6lrq,2
pocket12 ,B_96,4.2.99.18,0.015,6lrq,2
pocket12 ,B_98,,0.0998,6lrq,2
pocket12 ,C_96,4.2.99.18,0.0148,6lrq,2
pocket13 ,B_43,4.3.2.2,0.0283,6lrq,2
pocket13 ,B_45,1.6.6.-,0.0243,6lrq,2
pocket13 ,C_43,1.6.6.-,0.0132,6lrq,2
pocket13 ,C_45,1.6.6.-,0.0522,6lrq,2
pocket14 ,A_67,6.4.1.3,0.00142,6lrq,2
pocket14 ,B_67,2.8.3.16,0.034,6lrq,2
pocket14 ,B_97,1.6.99.7,0.0614,6lrq,2
pocket14 ,C_67,6.4.1.3,0.00186,6lrq,2
pocket15 ,D_67,6.4.1.3,0.0017,6lrq,2
pocket15 ,E_67,6.4.1.3,0.0018,6lrq,2
pocket15 ,E_97,2.7.4.7,0.0646,6lrq,2
pocket15 ,F_67,6.4.1.3,0.00188,6lrq,2
pocket1  ,A_58,1.5.1.34,1.04,6lrq,3
pocket1  ,A_72,,3.54,6lrq,3
pocket1  ,B_58,1.5.1.34,0.939,6lrq,3
pocket1  ,C_58,1.5.1.34,1.88,6lrq,3
pocket1  ,C_72,,2.76,6lrq,3
pocket2  ,D_58,1.5.1.34,0.805,6lrq,3
pocket2  ,E_58,1.5.1.34,1.09,6lrq,3
pocket2  ,F_58,1.5.1.34,1.07,6lrq,3
pocket2  ,F_72,,2.54,6lrq,3
pocket3  ,A_44,3.5.1.38,4.38,6lrq,3
pocket3  ,A_46,3.2.1.31,3.47,6lrq,3
pocket3  ,B_46,3.2.1.31,2.47,6lrq,3
pocket3  ,B_80,1.5.1.34,2.18,6lrq,3
pocket3  ,C_46,3.2.1.31,2.27,6lrq,3
pocket4  ,D_44,3.5.1.38,4.17,6lrq,3
pocket4  ,D_46,3.2.1.31,3.22,6lrq,3
pocket4  ,D_80,1.5.1.34,2.0,6lrq,3
pocket4  ,E_44,3.5.1.38,3.42,6lrq,3
pocket4  ,E_46,3.2.1.31,2.45,6lrq,3
pocket4  ,F_44,3.5.1.38,4.13,6lrq,3
pocket4  ,F_46,3.2.1.31,2.2,6lrq,3
pocket5  ,A_58,1.5.1.34,1.04,6lrq,3
pocket5  ,A_72,,3.54,6lrq,3
pocket5  ,B_58,1.5.1.34,0.939,6lrq,3
pocket5  ,C_58,1.5.1.34,1.88,6lrq,3
pocket5  ,C_72,,2.76,6lrq,3
pocket6  ,D_58,1.5.1.34,0.805,6lrq,3
pocket6  ,E_58,1.5.1.34,1.09,6lrq,3
pocket6  ,F_58,1.5.1.34,1.07,6lrq,3
pocket6  ,F_72,,2.54,6lrq,3
pocket7  ,D_43,6.1.1.19,3.39,6lrq,3
pocket7  ,D_50,3.1.27.-,3.49,6lrq,3
pocket7  ,E_43,6.1.1.19,3.5,6lrq,3
pocket7  ,E_50,3.1.27.-,4.43,6lrq,3
pocket7  ,F_43,6.1.1.19,3.5,6lrq,3
pocket7  ,F_45,6.1.1.19,3.78,6lrq,3
pocket8  ,B_43,6.1.1.19,3.15,6lrq,3
pocket8  ,C_43,6.1.1.19,3.59,6lrq,3
pocket8  ,C_45,6.1.1.19,3.78,6lrq,3
pocket8  ,C_50,3.1.27.-,3.69,6lrq,3
pocket9  ,A_43,6.1.1.19,3.39,6lrq,3
pocket9  ,B_43,6.1.1.19,3.15,6lrq,3
pocket9  ,C_45,6.1.1.19,3.78,6lrq,3
pocket11 ,E_43,6.1.1.19,3.5,6lrq,3
pocket11 ,F_43,6.1.1.19,3.5,6lrq,3
pocket11 ,F_45,6.1.1.19,3.78,6lrq,3
pocket12 ,B_96,2.5.1.6,1.5,6lrq,3
pocket12 ,B_98,4.1.2.4,4.29,6lrq,3
pocket12 ,C_96,2.5.1.6,1.25,6lrq,3
pocket13 ,B_43,6.1.1.19,3.15,6lrq,3
pocket13 ,C_43,6.1.1.19,3.59,6lrq,3
pocket13 ,C_45,6.1.1.19,3.78,6lrq,3
pocket15 ,D_97,3.6.1.34,3.21,6lrq,3
pocket15 ,E_97,3.6.1.34,3.26,6lrq,3
pocket1  ,B_54,3.5.1.26,5.21,6lrq,4
pocket1  ,B_72,3.5.1.26,5.33,6lrq,4
pocket2  ,D_58,2.7.2.8,10.3,6lrq,4
pocket2  ,E_58,2.7.2.8,7.2,6lrq,4
pocket2  ,F_58,2.7.2.8,9.11,6lrq,4
pocket4  ,D_44,3.5.1.38,7.09,6lrq,4
pocket4  ,D_46,3.5.1.38,7.17,6lrq,4
pocket4  ,E_44,3.5.1.38,6.16,6lrq,4
pocket4  ,E_46,3.5.1.38,6.23,6lrq,4
pocket4  ,F_44,3.5.1.38,9.27,6lrq,4
pocket4  ,F_46,3.5.1.38,8.01,6lrq,4
pocket5  ,A_61,2.6.1.16,9.47,6lrq,4
pocket5  ,B_72,3.5.1.26,5.33,6lrq,4
pocket5  ,C_61,2.6.1.16,9.15,6lrq,4
pocket6  ,D_58,2.7.2.8,10.3,6lrq,4
pocket6  ,D_61,2.6.1.16,11.4,6lrq,4
pocket6  ,E_58,2.7.2.8,7.2,6lrq,4
pocket6  ,F_58,2.7.2.8,9.11,6lrq,4
pocket6  ,F_61,2.6.1.16,11.0,6lrq,4
pocket7  ,D_45,1.11.1.1,10.2,6lrq,4
pocket7  ,D_50,3.1.27.5,8.27,6lrq,4
pocket7  ,E_45,1.11.1.1,10.5,6lrq,4
pocket7  ,F_45,1.11.1.1,11.2,6lrq,4
pocket8  ,B_45,1.11.1.1,10.6,6lrq,4
pocket8  ,B_50,3.1.27.5,14.6,6lrq,4
pocket8  ,C_45,1.11.1.1,11.1,6lrq,4
pocket8  ,C_50,3.1.27.5,8.06,6lrq,4
pocket9  ,A_45,1.11.1.1,9.99,6lrq,4
pocket9  ,B_45,1.11.1.1,10.6,6lrq,4
pocket9  ,C_45,1.11.1.1,11.1,6lrq,4
pocket10 ,B_75,3.5.1.26,7.33,6lrq,4
pocket10 ,C_75,3.5.1.26,7.62,6lrq,4
pocket11 ,E_45,1.11.1.1,10.5,6lrq,4
pocket11 ,F_45,1.11.1.1,11.2,6lrq,4
pocket12 ,B_85,4.2.1.17,7.41,6lrq,4
pocket12 ,C_98,2.4.2.22,10.4,6lrq,4
pocket13 ,B_45,1.11.1.1,10.6,6lrq,4
pocket13 ,C_45,1.11.1.1,11.1,6lrq,4
pocket14 ,B_67,6.4.1.3,6.72,6lrq,4
pocket15 ,D_97,2.7.2.8,8.76,6lrq,4
pocket3  ,A_44,4.3.2.1,42.5,6lrq,5
pocket3  ,A_46,2.6.1.16,39.2,6lrq,5
pocket3  ,A_80,2.1.2.3,49.2,6lrq,5
pocket3  ,B_80,4.1.99.4,30.9,6lrq,5
pocket3  ,C_80,4.1.99.4,24.7,6lrq,5
pocket4  ,E_46,2.6.1.16,51.2,6lrq,5
pocket4  ,E_80,4.1.99.4,27.9,6lrq,5
pocket4  ,F_46,2.6.1.16,46.3,6lrq,5
pocket4  ,F_80,4.1.99.4,24.5,6lrq,5
pocket5  ,C_61,2.6.1.16,73.7,6lrq,5
pocket7  ,D_50,3.4.15.1,56.7,6lrq,5
pocket7  ,E_43,4.1.99.4,28.9,6lrq,5
pocket7  ,E_45,4.1.99.4,30.2,6lrq,5
pocket7  ,E_50,3.4.15.1,56.7,6lrq,5
pocket7  ,F_43,4.1.99.4,33.3,6lrq,5
pocket8  ,B_43,4.1.99.4,29.1,6lrq,5
pocket8  ,B_45,4.1.99.4,30.5,6lrq,5
pocket8  ,B_50,2.6.1.16,61.5,6lrq,5
pocket9  ,B_43,4.1.99.4,29.1,6lrq,5
pocket9  ,B_45,4.1.99.4,30.5,6lrq,5
pocket11 ,E_43,4.1.99.4,28.9,6lrq,5
pocket11 ,E_45,4.1.99.4,30.2,6lrq,5
pocket11 ,F_43,4.1.99.4,33.3,6lrq,5
pocket13 ,B_43,4.1.99.4,29.1,6lrq,5
pocket13 ,B_45,4.1.99.4,30.5,6lrq,5
pocket1  ,A_61,3.2.2.5,0.0524,6osj,2
pocket1  ,C_58,1.6.99.7,0.0514,6osj,2
pocket1  ,C_61,3.2.1.85,0.0192,6osj,2
pocket1  ,E_58,1.6.99.7,0.00203,6osj,2
pocket1  ,E_61,3.2.1.85,0.00584,6osj,2
pocket1  ,G_58,4.3.2.2,0.00608,6osj,2
pocket1  ,G_61,3.2.2.5,0.0169,6osj,2
pocket2  ,B_58,6.1.1.10,0.018,6osj,2
pocket2  ,B_61,3.2.1.85,0.0293,6osj,2
pocket2  ,D_58,6.1.1.10,0.00173,6osj,2
pocket2  ,D_61,,0.0266,6osj,2
pocket2  ,F_58,6.1.1.10,0.0673,6osj,2
pocket2  ,F_61,3.2.1.85,0.0424,6osj,2
pocket2  ,H_58,6.1.1.10,0.0596,6osj,2
pocket2  ,H_61,3.2.1.85,0.0557,6osj,2
pocket3  ,A_57,3.5.2.10,0.00551,6osj,2
pocket3  ,B_43,4.3.2.2,0.00693,6osj,2
pocket3  ,B_45,4.3.2.2,0.0137,6osj,2
pocket3  ,B_50,1.2.4.4,0.00688,6osj,2
pocket3  ,C_57,3.5.2.10,0.0238,6osj,2
pocket3  ,C_58,1.6.99.7,0.0514,6osj,2
pocket3  ,D_43,4.3.2.2,0.00622,6osj,2
pocket3  ,D_45,6.1.1.10,0.026,6osj,2
pocket3  ,D_50,1.2.4.4,0.00809,6osj,2
pocket3  ,E_57,3.2.1.85,0.0209,6osj,2
pocket3  ,E_58,1.6.99.7,0.00203,6osj,2
pocket3  ,F_43,4.3.2.2,0.00724,6osj,2
pocket3  ,F_45,4.3.2.2,0.0102,6osj,2
pocket3  ,F_50,1.2.4.4,0.00765,6osj,2
pocket3  ,G_57,6.2.1.5,0.0135,6osj,2
pocket3  ,G_58,4.3.2.2,0.00608,6osj,2
pocket3  ,H_43,4.3.2.2,0.00719,6osj,2
pocket3  ,H_45,4.3.2.2,0.00229,6osj,2
pocket3  ,H_50,1.2.4.4,0.00747,6osj,2
pocket4  ,B_46,2.7.7.-,0.0407,6osj,2
pocket4  ,D_46,4.1.2.14,0.00281,6osj,2
pocket4  ,F_46,3.2.1.85,0.028,6osj,2
pocket4  ,H_46,3.2.1.85,0.0431,6osj,2
pocket4  ,H_80,4.2.1.22,0.0176,6osj,2
pocket5  ,C_46,3.2.1.58,0.0326,6osj,2
pocket5  ,C_80,1.6.6.-,0.0731,6osj,2
pocket5  ,E_46,3.2.2.5,0.0242,6osj,2
pocket5  ,G_46,3.2.1.85,0.0151,6osj,2
pocket6  ,A_43,6.1.1.10,0.0409,6osj,2
pocket6  ,A_45,2.7.4.7,0.0455,6osj,2
pocket6  ,A_50,1.2.4.4,0.00687,6osj,2
pocket6  ,B_57,1.1.1.95,0.0283,6osj,2
pocket6  ,C_43,4.3.2.2,0.00703,6osj,2
pocket6  ,C_45,4.2.1.2,0.0186,6osj,2
pocket6  ,C_50,1.2.4.4,0.00806,6osj,2
pocket6  ,D_57,1.1.1.95,0.0167,6osj,2
pocket6  ,D_58,6.1.1.10,0.00173,6osj,2
pocket6  ,E_43,4.3.2.2,0.00715,6osj,2
pocket6  ,E_45,2.7.4.7,0.0457,6osj,2
pocket6  ,E_50,1.2.4.4,0.0078,6osj,2
pocket6  ,F_57,1.1.1.95,0.0396,6osj,2
pocket6  ,F_58,6.1.1.10,0.0673,6osj,2
pocket6  ,G_43,4.3.2.2,0.00733,6osj,2
pocket6  ,G_45,2.7.4.7,0.046,6osj,2
pocket6  ,G_50,1.2.4.4,0.00724,6osj,2
pocket6  ,H_57,1.1.1.95,0.0382,6osj,2
pocket6  ,H_58,6.1.1.10,0.0596,6osj,2
pocket8  ,A_67,6.4.1.3,0.00602,6osj,2
pocket8  ,C_96,1.6.6.-,0.0513,6osj,2
pocket8  ,E_67,6.4.1.3,0.00777,6osj,2
pocket8  ,G_67,6.4.1.3,0.00539,6osj,2
pocket9  ,D_67,6.4.1.3,0.00321,6osj,2
pocket9  ,D_96,4.2.1.22,0.0212,6osj,2
pocket9  ,F_67,6.4.1.3,0.00607,6osj,2
pocket9  ,H_67,6.4.1.3,0.00699,6osj,2
pocket11 ,D_87,1.18.1.2,0.064,6osj,2
pocket11 ,F_87,1.18.1.2,0.0646,6osj,2
pocket12 ,E_87,1.18.1.2,0.0647,6osj,2
pocket12 ,G_87,1.18.1.2,0.0653,6osj,2
pocket14 ,F_87,1.18.1.2,0.0646,6osj,2
pocket14 ,H_87,1.18.1.2,0.0637,6osj,2
pocket15 ,C_87,1.18.1.2,0.0638,6osj,2
pocket16 ,F_87,1.18.1.2,0.0646,6osj,2
pocket16 ,H_87,1.18.1.2,0.0637,6osj,2
pocket1  ,A_58,5.5.1.1,2.51,6osj,3
pocket1  ,C_58,1.5.1.34,1.78,6osj,3
pocket1  ,C_61,3.2.1.14,3.61,6osj,3
pocket1  ,E_58,1.5.1.34,1.78,6osj,3
pocket2  ,B_58,3.6.1.34,3.11,6osj,3
pocket2  ,D_58,1.5.1.34,1.74,6osj,3
pocket2  ,D_61,3.2.1.14,3.55,6osj,3
pocket2  ,F_58,1.5.1.34,1.77,6osj,3
pocket2  ,F_61,3.2.1.14,3.63,6osj,3
pocket2  ,H_58,1.5.1.34,1.7,6osj,3
pocket2  ,H_61,2.5.1.46,1.64,6osj,3
pocket3  ,A_57,1.1.3.4,1.75,6osj,3
pocket3  ,B_45,4.2.1.2,1.38,6osj,3
pocket3  ,B_50,3.1.27.3,1.45,6osj,3
pocket3  ,C_57,1.1.3.4,1.63,6osj,3
pocket3  ,C_58,1.5.1.34,1.78,6osj,3
pocket3  ,D_45,4.2.1.2,1.47,6osj,3
pocket3  ,D_50,3.1.27.3,1.53,6osj,3
pocket3  ,E_57,1.1.3.4,0.893,6osj,3
pocket3  ,E_58,1.5.1.34,1.78,6osj,3
pocket3  ,F_45,1.5.1.34,1.47,6osj,3
pocket3  ,F_50,4.99.1.1,1.71,6osj,3
pocket3  ,G_57,1.1.3.4,0.972,6osj,3
pocket3  ,H_50,4.99.1.1,1.68,6osj,3
pocket4  ,D_41,3.4.16.6,3.03,6osj,3
pocket4  ,D_80,1.5.1.34,2.02,6osj,3
pocket4  ,F_41,3.4.16.6,3.13,6osj,3
pocket4  ,F_80,5.5.1.1,2.44,6osj,3
pocket5  ,C_41,3.4.16.6,3.2,6osj,3
pocket5  ,E_80,5.5.1.1,3.41,6osj,3
pocket6  ,A_45,4.2.1.2,0.972,6osj,3
pocket6  ,A_50,3.1.27.3,0.792,6osj,3
pocket6  ,B_57,4.2.1.10,1.68,6osj,3
pocket6  ,C_45,1.5.1.34,0.857,6osj,3
pocket6  ,C_50,3.1.27.3,0.791,6osj,3
pocket6  ,D_57,1.1.3.4,1.48,6osj,3
pocket6  ,D_58,1.5.1.34,1.74,6osj,3
pocket6  ,E_43,2.7.2.2,3.28,6osj,3
pocket6  ,E_45,4.2.1.2,0.972,6osj,3
pocket6  ,E_50,4.99.1.1,1.61,6osj,3
pocket6  ,F_57,1.1.3.4,1.46,6osj,3
pocket6  ,F_58,1.5.1.34,1.77,6osj,3
pocket6  ,G_45,1.5.1.34,1.03,6osj,3
pocket6  ,G_50,4.99.1.1,1.58,6osj,3
pocket6  ,H_57,4.2.1.10,1.48,6osj,3
pocket6  ,H_58,1.5.1.34,1.7,6osj,3
pocket13 ,E_60,3.6.1.34,3.06,6osj,3
pocket13 ,G_60,3.6.1.34,2.98,6osj,3
pocket1  ,A_58,4.1.1.39,70.7,6osj,4
pocket1  ,C_58,4.1.1.39,70.3,6osj,4
pocket1  ,E_58,4.1.1.39,70.3,6osj,4
pocket1  ,G_58,4.1.1.39,70.3,6osj,4
pocket2  ,B_58,4.1.1.39,71.3,6osj,4
pocket2  ,B_61,2.6.1.16,23.0,6osj,4
pocket2  ,D_58,4.1.1.39,71.3,6osj,4
pocket2  ,F_58,4.1.1.39,70.2,6osj,4
pocket2  ,F_61,2.6.1.16,28.4,6osj,4
pocket3  ,C_58,4.1.1.39,70.3,6osj,4
pocket3  ,C_59,4.3.2.1,44.7,6osj,4
pocket3  ,D_43,4.1.99.4,36.6,6osj,4
pocket3  ,E_58,4.1.1.39,70.3,6osj,4
pocket3  ,E_59,4.3.2.1,44.1,6osj,4
pocket3  ,F_43,4.1.99.4,37.1,6osj,4
pocket3  ,F_45,2.1.2.3,60.3,6osj,4
pocket3  ,G_58,4.1.1.39,70.3,6osj,4
pocket3  ,G_59,4.3.2.1,44.2,6osj,4
pocket3  ,H_45,2.1.2.3,60.1,6osj,4
pocket4  ,D_80,2.1.2.3,60.2,6osj,4
pocket6  ,A_50,2.6.1.16,22.8,6osj,4
pocket6  ,B_57,2.6.1.16,26.3,6osj,4
pocket6  ,B_59,4.3.2.1,35.4,6osj,4
pocket6  ,C_43,4.1.99.4,34.9,6osj,4
pocket6  ,C_45,2.1.2.3,36.7,6osj,4
pocket6  ,C_50,2.6.1.16,29.8,6osj,4
pocket6  ,D_58,4.1.1.39,71.3,6osj,4
pocket6  ,D_59,4.3.2.1,34.6,6osj,4
pocket6  ,E_43,4.1.99.4,34.7,6osj,4
pocket6  ,E_45,2.1.2.3,36.8,6osj,4
pocket6  ,F_58,4.1.1.39,70.2,6osj,4
pocket6  ,F_59,4.3.2.1,35.7,6osj,4
pocket6  ,G_45,2.1.2.3,33.7,6osj,4
pocket6  ,G_50,2.6.1.16,26.9,6osj,4
pocket10 ,E_42,4.3.2.1,44.0,6osj,4
pocket10 ,G_42,4.3.2.1,44.6,6osj,4
pocket11 ,D_87,3.5.1.26,44.1,6osj,4
pocket11 ,F_87,3.5.1.26,43.1,6osj,4
pocket12 ,E_87,3.5.1.26,50.8,6osj,4
pocket14 ,F_87,3.5.1.26,43.1,6osj,4
pocket14 ,H_87,3.5.1.26,47.0,6osj,4
pocket15 ,C_87,3.5.1.26,48.1,6osj,4
pocket16 ,F_87,3.5.1.26,43.1,6osj,4
pocket16 ,H_87,3.5.1.26,47.0,6osj,4
pocket1  ,A_58,4.1.1.39,71.3,6osj,5
pocket1  ,C_58,4.1.1.39,70.8,6osj,5
pocket1  ,E_58,4.1.1.39,72.1,6osj,5
pocket1  ,E_61,2.6.1.16,25.3,6osj,5
pocket1  ,G_61,2.6.1.16,25.8,6osj,5
pocket2  ,B_58,4.1.1.39,70.1,6osj,5
pocket2  ,D_58,4.1.1.39,70.1,6osj,5
pocket2  ,F_58,4.1.1.39,70.6,6osj,5
pocket3  ,A_57,2.6.1.16,26.0,6osj,5
pocket3  ,B_50,2.6.1.16,24.0,6osj,5
pocket3  ,C_58,4.1.1.39,70.8,6osj,5
pocket3  ,C_59,4.3.2.1,34.6,6osj,5
pocket3  ,E_58,4.1.1.39,72.1,6osj,5
pocket3  ,E_59,4.3.2.1,34.5,6osj,5
pocket3  ,F_43,4.1.99.4,36.2,6osj,5
pocket3  ,F_45,2.1.2.3,60.3,6osj,5
pocket3  ,G_59,4.3.2.1,36.1,6osj,5
pocket3  ,H_45,2.1.2.3,60.1,6osj,5
pocket3  ,H_50,2.6.1.16,26.5,6osj,5
pocket6  ,B_59,4.3.2.1,44.2,6osj,5
pocket6  ,C_43,4.1.99.4,34.9,6osj,5
pocket6  ,C_45,2.1.2.3,36.7,6osj,5
pocket6  ,D_58,4.1.1.39,70.1,6osj,5
pocket6  ,D_59,4.3.2.1,43.9,6osj,5
pocket6  ,E_43,4.1.99.4,35.2,6osj,5
pocket6  ,E_45,2.1.2.3,36.8,6osj,5
pocket6  ,F_58,4.1.1.39,70.6,6osj,5
pocket6  ,F_59,4.3.2.1,45.4,6osj,5
pocket6  ,G_45,2.1.2.3,33.7,6osj,5
pocket7  ,D_42,4.3.2.1,45.1,6osj,5
pocket7  ,F_42,4.3.2.1,44.9,6osj,5
pocket10 ,E_42,4.3.2.1,43.8,6osj,5
pocket11 ,D_87,3.5.1.26,48.9,6osj,5
pocket11 ,F_87,3.5.1.26,47.7,6osj,5
pocket12 ,E_87,3.5.1.26,42.5,6osj,5
pocket14 ,F_87,3.5.1.26,47.7,6osj,5
pocket14 ,H_87,3.5.1.26,51.4,6osj,5
pocket15 ,C_87,3.5.1.26,40.7,6osj,5
pocket16 ,F_87,3.5.1.26,47.7,6osj,5
pocket16 ,H_87,3.5.1.26,51.4,6osj,5
pocket1  ,D_58,4.2.1.22,0.0434,6peo,2
pocket2  ,A_46,3.2.2.5,0.045,6peo,2
pocket2  ,A_80,2.5.1.17,0.0162,6peo,2
pocket2  ,A_83,3.2.2.5,0.00896,6peo,2
pocket2  ,B_46,3.2.1.85,0.00134,6peo,2
pocket2  ,B_80,2.5.1.17,0.0104,6peo,2
pocket2  ,B_83,3.2.1.58,0.156,6peo,2
pocket2  ,C_46,3.2.1.85,0.0146,6peo,2
pocket2  ,C_80,2.5.1.17,0.0126,6peo,2
pocket2  ,C_83,3.2.2.5,0.0119,6peo,2
pocket2  ,D_46,3.2.2.5,0.0529,6peo,2
pocket2  ,D_80,2.5.1.17,0.0123,6peo,2
pocket2  ,D_83,3.2.2.5,0.0189,6peo,2
pocket2  ,E_46,3.2.1.85,0.00123,6peo,2
pocket2  ,E_83,3.2.1.58,0.153,6peo,2
pocket3  ,A_43,2.5.1.17,0.0865,6peo,2
pocket3  ,A_45,2.7.4.7,0.139,6peo,2
pocket3  ,B_43,2.5.1.17,0.0853,6peo,2
pocket3  ,B_45,2.7.4.7,0.139,6peo,2
pocket3  ,C_43,2.5.1.17,0.0858,6peo,2
pocket3  ,C_45,2.7.4.7,0.139,6peo,2
pocket3  ,D_43,2.5.1.17,0.0864,6peo,2
pocket3  ,D_45,2.7.4.7,0.138,6peo,2
pocket3  ,E_43,2.5.1.17,0.0863,6peo,2
pocket3  ,E_45,4.2.1.22,0.043,6peo,2
pocket4  ,A_86,3.4.21.1,0.192,6peo,2
pocket4  ,A_96,4.2.1.22,0.0757,6peo,2
pocket4  ,A_98,2.7.1.38,0.134,6peo,2
pocket4  ,B_96,4.2.1.22,0.0769,6peo,2
pocket4  ,B_98,2.7.1.38,0.135,6peo,2
pocket4  ,C_96,4.2.1.22,0.076,6peo,2
pocket4  ,C_98,2.7.1.38,0.138,6peo,2
pocket4  ,D_96,4.2.1.22,0.0758,6peo,2
pocket4  ,E_98,2.7.1.38,0.136,6peo,2
pocket5  ,A_83,3.2.2.5,0.00896,6peo,2
pocket5  ,A_84,6.4.1.3,0.00226,6peo,2
pocket5  ,C_83,3.2.2.5,0.0119,6peo,2
pocket5  ,C_84,6.4.1.3,0.00239,6peo,2
pocket6  ,A_98,2.7.1.38,0.134,6peo,2
pocket6  ,B_96,4.2.1.22,0.0769,6peo,2
pocket6  ,B_98,2.7.1.38,0.135,6peo,2
pocket6  ,D_96,4.2.1.22,0.0758,6peo,2
pocket6  ,D_98,,0.165,6peo,2
pocket7  ,A_84,6.4.1.3,0.00226,6peo,2
pocket7  ,B_83,3.2.1.58,0.156,6peo,2
pocket7  ,B_84,6.4.1.3,0.00242,6peo,2
pocket8  ,E_93,6.4.1.3,0.182,6peo,2
pocket1  ,A_58,1.5.1.34,0.901,6peo,3
pocket1  ,A_72,,1.68,6peo,3
pocket1  ,B_58,1.5.1.34,0.613,6peo,3
pocket1  ,B_72,,1.68,6peo,3
pocket1  ,C_58,1.5.1.34,0.904,6peo,3
pocket1  ,C_72,,2.02,6peo,3
pocket1  ,D_58,1.5.1.34,1.32,6peo,3
pocket1  ,D_72,,1.68,6peo,3
pocket1  ,E_58,1.5.1.34,0.613,6peo,3
pocket1  ,E_72,,2.02,6peo,3
pocket2  ,A_46,3.2.1.31,0.766,6peo,3
pocket2  ,A_80,,3.9,6peo,3
pocket2  ,A_81,,2.99,6peo,3
pocket2  ,B_46,3.2.1.31,0.767,6peo,3
pocket2  ,B_80,5.5.1.1,3.95,6peo,3
pocket2  ,C_46,3.2.1.31,0.766,6peo,3
pocket2  ,C_80,5.5.1.1,4.19,6peo,3
pocket2  ,D_46,3.2.1.31,1.33,6peo,3
pocket2  ,D_80,5.5.1.1,4.02,6peo,3
pocket2  ,E_46,3.2.1.31,0.766,6peo,3
pocket3  ,A_43,3.6.1.34,2.25,6peo,3
pocket3  ,A_45,1.5.1.34,1.07,6peo,3
pocket3  ,B_43,3.6.1.34,2.94,6peo,3
pocket3  ,B_45,1.5.1.34,1.69,6peo,3
pocket3  ,C_43,3.6.1.34,2.25,6peo,3
pocket3  ,C_44,3.5.1.38,2.86,6peo,3
pocket3  ,C_45,1.5.1.34,1.07,6peo,3
pocket3  ,D_43,3.6.1.34,2.94,6peo,3
pocket3  ,D_45,3.6.1.34,2.5,6peo,3
pocket3  ,E_45,1.5.1.34,1.07,6peo,3
pocket4  ,A_96,2.5.1.6,1.9,6peo,3
pocket4  ,A_98,4.1.2.4,3.49,6peo,3
pocket4  ,B_96,2.5.1.6,1.88,6peo,3
pocket4  ,B_98,4.1.2.4,3.49,6peo,3
pocket4  ,C_96,2.5.1.6,1.89,6peo,3
pocket4  ,C_98,4.1.2.4,3.5,6peo,3
pocket4  ,D_96,2.5.1.6,1.89,6peo,3
pocket4  ,E_98,4.1.2.4,3.49,6peo,3
pocket6  ,A_98,4.1.2.4,3.49,6peo,3
pocket6  ,B_96,2.5.1.6,1.88,6peo,3
pocket6  ,B_98,4.1.2.4,3.49,6peo,3
pocket6  ,D_86,1.8.-.-,2.34,6peo,3
pocket6  ,D_96,2.5.1.6,1.89,6peo,3
pocket6  ,D_98,2.3.1.117,4.18,6peo,3
pocket8  ,E_93,1.8.-.-,3.09,6peo,3
pocket8  ,E_94,2.6.1.13,2.4,6peo,3
pocket1  ,A_72,3.5.1.26,4.88,6peo,4
pocket1  ,B_72,3.5.1.26,5.2,6peo,4
pocket2  ,A_46,3.5.1.38,6.57,6peo,4
pocket2  ,A_83,2.6.1.16,13.2,6peo,4
pocket2  ,B_46,3.5.1.38,6.57,6peo,4
pocket2  ,C_46,2.6.1.16,8.84,6peo,4
pocket2  ,D_46,3.5.1.38,6.56,6peo,4
pocket2  ,D_83,2.6.1.16,11.2,6peo,4
pocket2  ,E_46,3.5.1.38,8.06,6peo,4
pocket3  ,C_44,3.5.1.38,6.84,6peo,4
pocket4  ,A_98,2.4.2.22,10.8,6peo,4
pocket4  ,B_96,2.7.2.8,6.5,6peo,4
pocket4  ,B_98,2.4.2.22,7.42,6peo,4
pocket4  ,C_96,2.7.2.8,8.2,6peo,4
pocket4  ,C_98,2.4.2.22,8.4,6peo,4
pocket4  ,E_98,2.4.2.22,8.4,6peo,4
pocket5  ,A_83,2.6.1.16,13.2,6peo,4
pocket5  ,A_85,4.2.1.17,13.4,6peo,4
pocket6  ,A_98,2.4.2.22,10.8,6peo,4
pocket6  ,B_96,2.7.2.8,6.5,6peo,4
pocket6  ,B_98,2.4.2.22,7.42,6peo,4
pocket6  ,D_98,2.4.2.22,7.42,6peo,4
pocket7  ,A_85,4.2.1.17,13.4,6peo,4
pocket7  ,B_85,4.2.1.17,13.4,6peo,4
pocket8  ,E_93,6.4.1.3,10.6,6peo,4
pocket2  ,A_39,,116.0,6peo,5
pocket2  ,A_80,4.1.99.4,19.0,6peo,5
pocket2  ,A_81,3.5.1.1,101.0,6peo,5
pocket2  ,B_39,,116.0,6peo,5
pocket2  ,B_80,4.1.99.4,17.3,6peo,5
pocket2  ,B_81,3.5.1.1,100.0,6peo,5
pocket2  ,C_39,,116.0,6peo,5
pocket2  ,C_80,2.1.2.3,45.3,6peo,5
pocket2  ,C_81,3.5.1.1,101.0,6peo,5
pocket2  ,D_39,,182.0,6peo,5
pocket2  ,D_80,4.1.99.4,20.7,6peo,5
pocket2  ,D_81,3.5.1.1,101.0,6peo,5
pocket2  ,E_39,,116.0,6peo,5
pocket2  ,E_81,3.5.1.1,101.0,6peo,5
pocket1  ,A_39,6.2.1.5,0.0282,6pes,2
pocket1  ,A_46,3.2.2.5,0.0104,6pes,2
pocket1  ,A_80,1.1.1.8,0.0519,6pes,2
pocket1  ,A_83,3.1.3.25,0.0702,6pes,2
pocket1  ,B_39,6.2.1.5,0.0282,6pes,2
pocket1  ,B_46,3.1.3.25,0.0231,6pes,2
pocket1  ,B_83,3.2.2.5,0.0402,6pes,2
pocket1  ,C_39,6.2.1.5,0.0284,6pes,2
pocket1  ,C_46,3.2.2.5,0.0118,6pes,2
pocket1  ,C_80,1.1.1.8,0.0524,6pes,2
pocket1  ,C_83,3.1.3.25,0.0865,6pes,2
pocket1  ,D_39,6.2.1.5,0.0291,6pes,2
pocket1  ,D_46,3.1.3.25,0.0485,6pes,2
pocket1  ,D_80,1.1.1.8,0.0516,6pes,2
pocket1  ,E_39,6.2.1.5,0.028,6pes,2
pocket1  ,E_46,3.2.2.5,0.00896,6pes,2
pocket1  ,E_80,1.1.1.8,0.0518,6pes,2
pocket2  ,A_58,4.3.2.2,0.0323,6pes,2
pocket2  ,B_58,4.3.2.2,0.0267,6pes,2
pocket2  ,C_58,2.7.4.7,0.0166,6pes,2
pocket2  ,D_58,4.3.2.2,0.011,6pes,2
pocket4  ,A_96,1.4.1.2,0.0178,6pes,2
pocket4  ,B_96,1.4.1.2,0.018,6pes,2
pocket4  ,C_96,1.4.1.2,0.0177,6pes,2
pocket4  ,D_96,1.4.1.2,0.0182,6pes,2
pocket4  ,E_86,1.8.-.-,0.0627,6pes,2
pocket4  ,E_96,1.4.1.2,0.0184,6pes,2
pocket5  ,A_60,4.2.1.2,0.0581,6pes,2
pocket5  ,B_60,4.2.1.2,0.0577,6pes,2
pocket5  ,C_60,4.2.1.2,0.0578,6pes,2
pocket5  ,E_60,4.2.1.2,0.0585,6pes,2
pocket6  ,A_60,4.2.1.2,0.0581,6pes,2
pocket6  ,A_62,3.5.4.1,0.0623,6pes,2
pocket6  ,B_60,4.2.1.2,0.0577,6pes,2
pocket6  ,B_62,3.5.4.1,0.0625,6pes,2
pocket6  ,C_60,4.2.1.2,0.0578,6pes,2
pocket6  ,C_62,3.5.4.1,0.0619,6pes,2
pocket7  ,A_57,3.2.1.85,0.00342,6pes,2
pocket7  ,A_58,4.3.2.2,0.0323,6pes,2
pocket7  ,B_57,3.2.1.85,0.00979,6pes,2
pocket7  ,B_58,4.3.2.2,0.0267,6pes,2
pocket7  ,C_57,3.2.1.85,0.0036,6pes,2
pocket7  ,C_58,2.7.4.7,0.0166,6pes,2
pocket8  ,A_43,2.5.1.17,0.00156,6pes,2
pocket8  ,A_45,2.7.4.7,0.0255,6pes,2
pocket8  ,C_43,2.5.1.17,0.0015,6pes,2
pocket8  ,C_45,2.7.4.7,0.0255,6pes,2
pocket8  ,E_43,2.5.1.17,0.00163,6pes,2
pocket1  ,A_46,3.2.1.31,0.909,6pes,3
pocket1  ,B_46,3.2.1.31,0.935,6pes,3
pocket1  ,C_46,3.2.1.31,0.923,6pes,3
pocket1  ,D_46,3.2.1.31,0.921,6pes,3
pocket1  ,E_46,3.2.1.31,1.88,6pes,3
pocket2  ,A_58,1.5.1.34,1.85,6pes,3
pocket2  ,B_58,1.5.1.34,1.59,6pes,3
pocket2  ,B_72,,2.26,6pes,3
pocket2  ,C_58,1.5.1.34,1.57,6pes,3
pocket2  ,D_58,5.5.1.1,3.78,6pes,3
pocket2  ,D_72,,2.24,6pes,3
pocket4  ,A_96,2.5.1.6,1.86,6pes,3
pocket4  ,A_98,4.1.2.4,2.39,6pes,3
pocket4  ,B_96,2.5.1.6,1.86,6pes,3
pocket4  ,B_98,4.1.2.4,2.4,6pes,3
pocket4  ,C_96,2.5.1.6,2.16,6pes,3
pocket4  ,C_98,4.1.2.4,2.4,6pes,3
pocket4  ,D_86,1.8.-.-,2.13,6pes,3
pocket4  ,D_96,2.5.1.6,1.85,6pes,3
pocket4  ,D_98,4.1.2.4,2.4,6pes,3
pocket4  ,E_86,1.8.-.-,1.68,6pes,3
pocket4  ,E_96,2.5.1.6,3.19,6pes,3
pocket4  ,E_98,2.3.1.117,2.52,6pes,3
pocket5  ,E_60,2.7.2.2,3.77,6pes,3
pocket7  ,A_58,1.5.1.34,1.85,6pes,3
pocket7  ,B_58,1.5.1.34,1.59,6pes,3
pocket7  ,C_58,1.5.1.34,1.57,6pes,3
pocket8  ,A_43,3.6.1.34,3.17,6pes,3
pocket8  ,A_45,1.5.1.34,0.934,6pes,3
pocket8  ,C_45,1.5.1.34,0.946,6pes,3
pocket1  ,A_46,3.5.1.38,6.2,6pes,4
pocket1  ,B_46,3.5.1.38,7.24,6pes,4
pocket1  ,C_46,3.5.1.38,6.21,6pes,4
pocket1  ,D_46,3.5.1.38,7.22,6pes,4
pocket1  ,E_46,3.5.1.38,6.2,6pes,4
pocket2  ,A_58,2.7.2.8,7.49,6pes,4
pocket4  ,A_98,2.4.2.22,10.5,6pes,4
pocket4  ,B_98,2.4.2.22,6.83,6pes,4
pocket4  ,C_98,2.4.2.22,8.58,6pes,4
pocket4  ,D_98,2.4.2.22,6.83,6pes,4
pocket4  ,E_98,2.4.2.22,8.57,6pes,4
pocket7  ,A_57,,10.1,6pes,4
pocket7  ,A_58,2.7.2.8,7.49,6pes,4
pocket7  ,B_57,,10.2,6pes,4
pocket10 ,A_75,3.5.1.26,6.1,6pes,4
pocket10 ,C_75,3.5.1.26,6.14,6pes,4
pocket1  ,A_39,,117.0,6pes,5
pocket1  ,A_80,4.1.99.4,18.7,6pes,5
pocket1  ,A_81,3.5.1.1,102.0,6pes,5
pocket1  ,B_39,,117.0,6pes,5
pocket1  ,B_80,4.1.99.4,24.3,6pes,5
pocket1  ,B_81,3.5.1.1,102.0,6pes,5
pocket1  ,C_39,,117.0,6pes,5
pocket1  ,C_80,4.1.99.4,18.9,6pes,5
pocket1  ,C_81,3.5.1.1,102.0,6pes,5
pocket1  ,D_39,,117.0,6pes,5
pocket1  ,D_80,2.1.2.3,44.8,6pes,5
pocket1  ,E_39,,183.0,6pes,5
pocket1  ,E_80,4.1.99.4,21.6,6pes,5
